{
  "hero_title1": "Create TikTok Content",
  "hero_title2": "Achieve Millions of Views",
  "hero_desc": "We are official TikTok partners, our company was founded in 2023 in Tangier – Morocco, with the aim of enabling content creators to unleash their full creative potential. We work to discover, develop, and create tomorrow's stars by supporting young talents and transforming them into professionals in creative and engaging content production. With our specialized team and strategic partnerships, we strive to be the leading agency in entertainment and content production in the Middle East and North Africa region, placing innovation and quality at the heart of everything we do.",
  "join_agency": "Join Us",
  "online_join": "Online Join",
  "online_join_desc": "Join us online and start your journey in the world of content creation",
  "see_works": "View Our Work",
  "job_application": "Live Broadcaster",
  "send_project_request": "Submit Project Request",
  "services": "Services",
  "portfolio": "Our Work",
  "team": "Team",
  "team_member_1_name": "Fahad",
  "team_member_1_role": "Creative Director",
  "team_member_1_specialty": "Content Strategy",
  "team_member_2_name": "Amin",
  "team_member_2_role": "Video Editor",
  "team_member_2_specialty": "Video Production",
  "team_member_3_name": "Ziad",
  "team_member_3_role": "Photographer & Programmer",
  "team_member_3_specialty": "Photography & Web Development",
  "team_member_4_name": "Kareem",
  "team_member_4_role": "Marketing Manager",
  "team_member_4_specialty": "Ad Campaigns",
  "contact": "Contact Us",
  "project_details": "Project Details",
  "back": "Back",
  "copy_link": "Copy Link",
  "visit_account": "Visit Account",
  "terms_privacy": "Terms & Privacy Policy",
  "welcome_magic": "Welcome to Magic Carnation",
  "start_browsing": "Start Browsing",
  "all_works": "All Works",
  "educational_content": "Educational Content",
  "commercial_ads": "Commercial Ads",
  "entertainment_content": "Entertainment Content",
  "team_join_title": "Join Us Today",
  "team_join_desc": "Contact us now and let our experts turn your ideas into viral content that achieves success and reach",
  "join_team": "Start your career as a live broadcaster and earn a distinctive income",
  "send": "Send",
  "email_signup": "Sign up with Email",
  "apple": "Apple",
  "google": "Google",
  "facebook": "Facebook",
  "accept_terms": "By entering you agree to",
  "agency": "Agency",
  "edit": "Edit",
  "save": "Save",
  "cancel": "Cancel",
  "our_services": "Our Services",
  "content_production": "Content Production",
  "marketing_strategy": "Strategy",
  "performance_analysis": "Performance Analysis",
  "account_management": "Account Management",
  "ad_campaigns": "Ad Campaigns",
  "influencer_marketing": "Effective Marketing",
  "our_mission": "Our Mission",
  "mission_desc": "At Magic Carnation, we provide content creators with a platform to grow through personalized support for each individual. As a specialized TikTok agency, we offer unique advantages to our talents to create impactful content and build genuine communities.",
  "our_vision": "Our Vision",
  "vision_desc": "To be the leading agency in the region for TikTok marketing content, delivering outstanding services to our clients and helping them achieve the success and reach they need.",
  "about_company": "About the Company",
  "about_desc": "Meet Magic Carnation, a leading agency for TikTok marketing content production.",
  "company_logo": "Company Logo",
  "logo_desc": "Magic Carnation's distinctive logo design.",
  "our_team": "Our Team",
  "team_desc": "Our professional team in the office.",
  "content_creation": "Content Creation",
  "content_creation_desc": "We produce creative, impactful content.",
  "production_studio": "Production Studio",
  "studio_desc": "Latest equipment and technology.",
  "learn_more": "Learn More",
  "what_clients_say": "What Do Our Clients Say?",
  "discover_client_experiences": "Discover our clients' experiences with us and the amazing results we've achieved together",
  "testimonials_section": "Client Testimonials",
  "total_views": "Total Views",
  "stat_1_number": "1000+",
  "stat_1_label": "فيديو منتج",
  "stat_2_number": "200+",
  "stat_2_label": "عميل راضي",
  "stat_3_number": "95%",
  "stat_3_label": "معدل النجاح",
  "total_likes": "Total Likes",
  "total_comments": "Total Comments",
  "total_shares": "Total Shares",
  "visit_page": "Visit Page",
  "follow": "Follow",
  "our_featured_work": "Our Featured Work",
  "discover_best_videos": "Discover a collection of our best videos",
  "official_tiktok_page": "Official TikTok Page",
  "verified_creator": "Verified Creator",
  "choose_language": "Choose Language",
  "services_desc": "We offer comprehensive services for TikTok content success.",
  "our_message": "Our Message",
  "contact_desc": "Tell us about your project and we'll get back to you quickly.",
  "total_video_views": "Total Views",
  "produced_videos": "فيديو منتج",
  "happy_clients": "Happy Clients",
  "gender": "Gender",
  "choose_gender": "Choose Gender",
  "male": "Male",
  "female": "Female",
  "enter_name": "Enter your name",
  "send_message": "Send Your Message",
  "project_description_placeholder": "Tell us about your project and goals",
  "other": "Other",
  "content_production_desc": "We produce high-quality TikTok videos with creativity.",
  "account_management_desc": "We manage your TikTok accounts for you.",
  "ad_campaigns_desc": "We create and manage real advertising campaigns.",
  "views": "views",
  "likes": "likes",
  "comments": "comments",
  "shares": "shares", 
  "verified": "Verified",
  "k_videos": "videos",
  "k_followers": "followers",
  "m_likes": "likes",
  "years_exp": "years experience",
  "required_jobs": "Required Positions",
  "join_our_team": "Join Our Team",
  "choose_suitable_job": "Choose the position that suits you and learn about tasks and requirements.",
  "video_editor": "Video Editor",
  "video_editor_desc": "Professional video editing and montage",
  "marketing_manager": "Marketing Manager",
  "marketing_manager_desc": "Manage marketing campaigns and analyze performance",
  "advanced_marketing_manager": "Advanced Marketing Manager",
  "advanced_marketing_manager_desc": "Manage advanced marketing campaigns and analyze performance",
  "live_moderator": "Agent",
  "live_moderator_desc": "Agent broadcast management and audience interaction",
  "customer_service_agent": "Customer Service Agent",
  "customer_service_agent_desc": "Customer service and inquiry responses",
  "personal_live_creator": "Personal Live",
  "personal_live_creator_desc": "Creating engaging personal live content",
  "gaming_creator": "Gaming",
  "gaming_creator_desc": "Creating gaming content and live plays",
  "girls_dancing": "Girls Dancing",
  "girls_dancing_desc": "Creating dance and music content for female audience",
  "video_editing_skills": "Proficiency in editing software",
  "artistic_sense": "High artistic sense",
  "fast_execution": "Fast execution",
  "digital_marketing_exp": "Digital marketing experience",
  "data_analysis": "Data analysis",
  "team_management": "Team management",
  "advanced_digital_marketing": "Advanced digital marketing experience",
  "advanced_data_analysis": "Advanced data analysis",
  "large_team_management": "Large team management",
  "live_streaming_skills": "Mastery of live streaming skills",
  "audience_interaction": "Ability to interact with audience",
  "content_policy_compliance": "Content policy compliance",
  "technical_streaming": "Technical experience in broadcasting",
  "communication_skills": "Excellent communication skills",
  "customer_support_exp": "Customer service experience",
  "multilingual_support": "Ability to support multiple languages",
  "problem_solving": "Quick problem solving",
  "personal_content_creation": "Ability to create engaging personal content",
  "charisma_and_personality": "Charismatic and magnetic personality",
  "entertainment_skills": "Advanced entertainment skills",
  "gaming_exp": "Extensive gaming experience",
  "streaming_games": "Experience in live game streaming",
  "gaming_equipment": "Professional gaming equipment",
  "dance_skills": "Advanced dance skills",
  "rhythm_and_music": "Rhythm and music sensitivity",
  "female_safety": "Commitment to female safety guidelines",
  "creative_choreography": "Creative movements and design",
  "base_salary": "Base salary: 3000 MAD - up to (5000+ 4000+) unlimited bonuses",
  "apply_now": "Apply Now",
  "requirements": "Requirements",
  "salary": "Salary",
  "view_all_work": "View All Work",
  "available_now": "Available Now",
  "featured": "Featured",
  "available_shifts": "Shifts Available",
  "professional_editing": "Professional editing, artistic sense, fast execution.",
  "premiere_capcut": "Premiere/CapCut",
  "color_correction": "Color Correction",
  "execution_speed": "Execution Speed",
  "work_type_flexible": "Work Type: Flexible",
  "location_remote": "Location: Remote",
  "strategy_analysis_campaigns": "Strategy, data analysis, campaign management.",
  "meta_ads": "Meta/Ads",
  "data_analysis_skill": "Data Analysis",
  "kpis": "KPIs",
  "work_type_full": "Work Type: Full-time",
  "location_hybrid": "Location: Hybrid",
  "live_moderator": "Agent",
  "live_broadcast_management": "Professional live broadcast and audience interaction management.",
  "direct_interaction": "Direct Interaction",
  "problem_solving": "Problem Solving",
  "team_coordination": "Team Coordination",
  "work_type_part": "Work Type: Part-time",
  "marketing_strategy_desc": "We apply strong content strategies.",
  "performance_analysis_desc": "We analyze content performance.",
  "influencer_marketing_desc": "We connect you with the most influential users.",
  "footer_description": "We are a specialized TikTok content production agency.",
  "footer_about": "About Us",
  "footer_our_work": "Our Work",
  "footer_our_team": "Our Team",
  "footer_jobs": "Jobs",
  "footer_contact": "Contact Us",
  "footer_email": "Email",
  "footer_phone": "Phone",
  "footer_address": "Address",
  "footer_whatsapp": "Direct WhatsApp",
  "footer_rights": "© 2024 MAGIC CARNATION. All rights reserved.",
  "riyadh_saudi": "Riyadh, Saudi Arabia",
  "all_categories": "All",
  "category_count": "",
  "education_level": "Education Level",
  "skills": "Skills",
  "agency_positions": "Agency Positions",
  "personal_live": "Personal Live",
  "availability": "When can you start?",
  "expected_salary": "Expected Salary (Moroccan Dirham)",
  "salary_example": "Example: 5000",
  "cv_upload": "Upload CV",
  "cv_drag_drop": "Drag and drop your CV file or click to select",
  "send_job_application": "Submit Job Application",
  "whatsapp_contact": "Contact via WhatsApp",
  "required": "Required",
  "live_moderator_job_application": "Agent Job Application",
  "live_moderator_job_benefits": "Agent Job Benefits",
  "competitive_salary": "Competitive Salary",
  "excellent_monthly_salary": "Excellent monthly salary with additional bonuses",
  "flexible_work_environment": "Flexible Work Environment",
  "flexible_working_hours": "Flexible working hours and remote work options",
  "professional_development": "Professional Development",
  "opportunities_to_learn": "Opportunities to learn and grow in the media field",
  "supportive_team": "Supportive Team",
  "collaborative_team": "Collaborative and professional work team",
  "modern_equipment": "Modern Equipment",
  "latest_technology": "Latest technology and equipment for work",
  "prestigious_position": "Prestigious Position",
  "be_part_of_team": "Be part of the Magic Carnation team",
  "job_requirements": "Job Requirements",
  "basic_requirements": "Basic Requirements",
  "required_skills": "Required Skills",
  "live_broadcast_supervision": "Experience in live broadcast supervision",
  "excellent_communication": "Excellent communication skills",
  "work_under_pressure": "Ability to work under pressure",
  "broadcasting_platforms": "Experience with broadcasting platforms",
  "commitment_to_schedules": "Commitment to schedules",
  "english_proficiency": "Proficiency in English language",
  "content_management": "Content management experience",
  "problem_solving": "Problem-solving skills",
  "teamwork_ability": "Teamwork ability",
  "technology_experience": "Technology experience",
  "full_name": "Full Name",
  "enter_full_name": "Enter your full name",
  "age": "Age",
  "enter_age": "Enter your age",
  "choose_gender": "Choose Gender",
  "phone_number": "Phone Number",
  "enter_phone_number": "Enter your phone number",
  "tiktok_account_moderator": "TikTok Account as Moderator",
  "username_placeholder": "@username",
  "experience_live_broadcast": "Your Experience in Live Broadcast Supervision",
  "beginner": "Beginner",
  "intermediate": "Intermediate",
  "expert": "Expert",
  "work_availability": "Your Work Availability",
  "choose_availability": "Choose your availability",
  "full_time": "Full-time",
  "part_time": "Part-time",
  "flexible": "Flexible",
  "weekends_only": "Weekends only",
  "languages_you_speak": "Languages you speak",
  "languages_example": "Example: English, Arabic, French",
  "goals_live_moderator": "Your goals from working as an Agent",
  "goals_placeholder": "Tell us about your goals and ambitions in this field...",
  "submit_live_moderator": "Submit Agent Job Application",
  "contact_via_whatsapp": "Contact via WhatsApp",
  "join_our_agency": "Join Us",
  "be_part_successful": "Be part of the most successful creator network in the region and get full support to develop your content and grow your followers",
  "agency_benefits": "Agency Benefits",
  "rapid_growth": "Rapid Growth",
  "proven_strategies": "Proven strategies to increase followers and views",
  "professional_support": "Professional Support",
  "specialized_team": "Specialized team to help you every step of the way",
  "business_opportunities": "Business Opportunities",
  "connect_brands": "Connect you with brands and sponsors",
  "exclusive_content": "Exclusive Content",
  "exclusive_ideas": "Exclusive ideas and trends before everyone else",
  "professional_production": "Professional Production",
  "support_content_production": "Support in content production and editing",
  "elite_content_creators": "Be part of the elite content creators",
  "partners_success_stories": "Our Partners' Success Stories",
  "before": "Before",
  "after": "After",
  "growth": "Growth",
  "joining_requirements": "Joining Requirements",
  "minimum_requirements": "Minimum Requirements",
  "what_were_looking_for": "What We're Looking For",
  "at_least_followers": "At least 1000 followers",
  "original_creative_content": "Original and creative content",
  "regular_activity": "Regular activity (3 videos weekly)",
  "community_standards": "Commitment to community standards",
  "high_video_quality": "High video quality",
  "distinctive_personality": "Distinctive and attractive personality",
  "positive_interaction": "Positive interaction with audience",
  "desire_to_develop": "Desire to develop and grow",
  "openness_collaboration": "Openness to collaboration",
  "commitment_deadlines": "Commitment to deadlines",
  "agency_join_application": "Agency Join Application",
  "do_you_have_tiktok": "Do you have a TikTok account?",
  "yes": "Yes",
  "no": "No",
  "share_account_name": "Please share your account name",
  "type_content_produce": "Type of content you produce",
  "choose_content_type": "Choose content type",
  "comedy": "Comedy",
  "lifestyle": "Lifestyle",
  "beauty_fashion": "Beauty & Fashion",
  "food": "Food",
  "educational": "Educational",
  "sports": "Sports",
  "music_dance": "Music & Dance",
  "technology": "Technology",
  "other": "Other",
  "goals_joining_agency": "Your goals from joining the agency",
  "goals_ambitions": "Tell us about your goals and ambitions...",
  "experience_content_creation": "Your experience in this field",
  "very_good": "Very Good",
  "submit_agency_application": "Submit Agency Join Application",
  "pages": "Pages",
  "job_application_title": "Job Application",
  "full_name": "Full Name",
  "enter_full_name": "Enter your full name",
  "email": "Email",
  "enter_email": "Enter your email",
  "phone": "Phone Number",
  "enter_phone": "Enter your phone number",
  "position": "Desired Position",
  "select_position": "Select Position",
  "video_editor": "Video Editor",
  "marketing_manager": "Marketing Manager",
  "content_creator": "Content Creator",
  "experience": "Experience",
  "describe_experience": "Describe your experience in the field",
  "portfolio": "Portfolio",
  "portfolio_link": "Portfolio link",
  "submit_application": "Submit Application",
  "live_moderator_title": "Agent",
  "live_moderator": "Agent",
  "live_moderator_desc": "Join as an agent in our agency",
  "live_moderator_details": "We are looking for professional agents to manage live streaming and audience interaction",
  "manage_live_streams": "Manage Live Streams",
  "interact_with_audience": "Interact with Audience",
  "moderate_comments": "Moderate Comments",
  "ensure_quality": "Ensure Content Quality",
  "experience_level": "Experience Level",
  "select_experience": "Select Experience Level",
  "beginner": "Beginner",
  "intermediate": "Intermediate",
  "expert": "Expert",
  "apply_now": "Apply Now",
  "join_agency_title": "Join Agency",
  "why_join_us": "Why Join Us?",
  "creative_environment": "Creative Stimulating Environment",
  "professional_growth": "Continuous Professional Growth",
  "competitive_salary": "Competitive Salary",
  "flexible_work": "Flexible Work",
  "role_interest": "Desired Role",
  "select_role": "Select Role",
  "motivation": "Motivation to Join",
  "why_join_motivation": "Tell us why you want to join us",
  "join_now": "Join Now",
  "team_description": "Meet our expert team specialized in TikTok content production that achieves success and reach",
  "contact_us_now": "Contact us now and let our experts turn your ideas into viral content that achieves success and reach",
  "live_moderator_desc": "Request an agent position and manage audience interaction",
  "join_agency_desc": "Partner with us and start your journey in the world of content creation",
  "contact_us_desc": "Tell us about your project and we'll get back to you as soon as possible",
  "contact_us_help": "We are here to help you achieve your goals. Contact us today and start your journey to success",
  "faq_title": "Frequently Asked Questions",
  "faq_subtitle": "Answers to the most common questions about TikTok agency",
  "faq_1_q": "How do I open a TikTok agency?",
  "faq_1_a": "To open a TikTok agency you need: experience in content production, specialized team, marketing strategies, and partnerships with creators. We at Magic Carnation provide full support to start your agency.",
  "faq_2_q": "Who are TikTok agents?",
  "faq_2_a": "TikTok agents are companies that manage creator accounts, produce professional content, and develop growth strategies. Magic Carnation is one of the leading agencies in the region.",
  "faq_3_q": "Is TikTok available in Morocco?",
  "faq_3_a": "Yes, TikTok is available in Morocco and is very popular. The platform is very active with millions of Moroccan users and diverse local content.",
  "faq_4_q": "How can I become a TikTok agent?",
  "faq_4_a": "To become a TikTok agent: gain experience in content, develop your marketing skills, build a network of relationships, and start managing small accounts. Join us to learn and develop.",
  "faq_5_q": "How do TikTok agencies make money?",
  "faq_5_a": "TikTok agencies earn from: creator commissions, paid content production, advertisements and sponsorships, and marketing consultations. We guarantee profitable returns for our partners.",
  "faq_more": "Have more questions?",
  "faq_contact": "Contact us for detailed answers and free consultation",
  "follow_tiktok": "Follow us on TikTok",
  "contact_info": "Contact Information",
  "work_hours": "Working Hours",
  "work_hours_time": "Sunday - Thursday: 9:00 AM - 6:00 PM",
  "follow_us": "Follow us on",
  "twitter": "Twitter",
  "facebook": "Facebook",
  "instagram": "Instagram",
  "youtube": "YouTube",
  "send_message": "Send us a message",
  "first_name": "First Name",
  "last_name": "Last Name",
  "enter_first_name": "Enter your first name",
  "enter_last_name": "Enter your last name",
  "service_required": "Required Service",
  "choose_service": "Choose Service",
  "message": "Message",
  "write_message": "Write your message here...",
  "send_message_btn": "Send Message",
  "project_type": "Project Type",
  "content_production": "Content Production",
  "project_goals": "Tell us about your project and goals...",
  "professional_expert": "Professional Expert",
  "successful_projects": "Successful Project",
  "agency_member": "Agency Member",
  "success_rate": "معدل النجاح",
  "customer_rating": "Customer Rating",
  "total_views": "Total Views",
  "satisfied_client": "عميل راضي",
  "testimonial_1": "Magic Carnation turned my idea into viral content that achieved more than 5 million views. A very professional and creative team!",
  "testimonial_2": "The best content agency I've worked with. The results speak for themselves - 300% increase in sales within 3 months!",
  "testimonial_3": "The content they produced for us helped attract more than 100,000 new users. High quality and unlimited creativity!",
  "entrepreneur": "Entrepreneur",
  "marketing_director": "Marketing Director",
  "app_founder": "App Founder",
  "advanced_tech_company": "Advanced Technology Company",
  "ecommerce_group": "E-commerce Group",
  "fitness_app": "Fitness App",
  "start_now": "Start Now",
  "today": "Today",
  "agency_members": "Agency Members",
  "success_rate": "معدل النجاح",
  "years_experience": "Years Experience",
  "official_tiktok_agency": "Official Magic Carnation Agency on TikTok",
  "commercial_ads": "Commercial Ads",
  "entertainment_content": "Entertainment Content",
  "how_to_create_viral_content": "How to Create Viral Content on TikTok",
  "duration_58": "00:58",
  "how_to_create_viral_content_short": "How to Create Viral...",
  "top_10_digital_marketing_tips": "Top 10 Digital Marketing Tips",
  "duration_112": "01:12",
  "top_10_digital_marketing_tips_short": "Top 10 Digital Marketing...",
  "successful_marketing_campaign": "Successful Marketing Campaign for Global Company",
  "duration_125": "01:25",
  "successful_marketing_campaign_short": "Successful Marketing Campaign...",
  "professional_content_secrets": "Professional Content Creation Secrets",
  "duration_108": "01:08",
  "professional_content_secrets_short": "Professional Content Secrets...",
  "magic_carnation_profile_english": "Magic Carnation Profile English",
  "join_our_agency_english": "Join Us English",
  "contact_us": "Contact Us",
  "job_application": "Job Application",
  "live_moderator": "Agent",
  "join_agency": "Join Agency",
  "our_featured_work": "Our Featured Work",
  "discover_best_videos": "Discover our best videos",
  "official_tiktok_page": "Official TikTok Page",
  "verified_creator": "Verified Creator",
  "join_our_team_today": "Join Our Team Today",
  "testimonials_section": "Client Testimonials",
  "full_name": "Full Name",
  "enter_full_name": "Enter your full name",
  "email": "Email",
  "enter_email": "Enter your email",
  "phone": "Phone Number",
  "enter_phone": "Enter your phone number",
  "address": "Address",
  "project_type": "Project Type",
  "project_details": "Project Details",
  "project_goals": "Tell us about your project and goals...",
  "content_creation": "Content Creation",
  "social_media_management": "Social Media Management",
  "digital_marketing": "Digital Marketing",
  "consultation": "Consultation",
  "other": "Other",
  "marketing_strategy": "Marketing Strategy",
  "account_management": "Account Management",
  "ad_campaign": "Ad Campaign",
  "all_works": "All Works",
  "educational_content": "Educational Content",
  "commercial_ads": "Commercial Ads",
  "entertainment_content": "Entertainment Content",
  "view_all_works": "View All Works",
  "learn_more": "Learn More",
  "tiktok_agency_leading_morocco": "Leading TikTok Agency in Morocco",
  "professional_content_production": "Professional Content Production",
  "leading_tiktok_content_production": "Leading in TikTok marketing content production",
  "we_offer_video_production_digital_marketing": "We offer video production, digital marketing, and TikTok account management services for companies and individuals in Morocco",
  "get_millions_views_with_us": "Get millions of views with us",
  "official_magic_carnation_tiktok": "Official Magic Carnation TikTok Agency",
  "golden_tips_digital_marketing": "Golden tips for digital marketing from Magic Carnation experts",
  "how_to_create_viral_content_tiktok": "How to create viral content on TikTok",
  "comprehensive_guide_viral_content": "Comprehensive guide to creating viral content that achieves widespread reach on TikTok",
  "top_10_digital_marketing_tips": "Top 10 Digital Marketing Tips",
  "successful_marketing_campaign_global_company": "Successful marketing campaign for a global company",
  "how_we_achieved_great_success": "How we achieved great success for a global company marketing campaign",
  "secrets_professional_content_creation": "Secrets of professional content creation",
  "secrets_5_years_experience": "Secrets and 5 years of experience in professional content creation",
  "viral_content": "#viral_content",
  "tiktok": "#tiktok",
  "content_tips": "#content_tips",
  "digital_marketing_hashtag": "#digital_marketing",
  "marketing_tips": "#marketing_tips",
  "marketing": "#marketing",
  "marketing_campaign": "#marketing_campaign",
  "marketing_success": "#marketing_success",
  "global_company": "#global_company",
  "professional_content": "#professional_content",
  "content_secrets": "#content_secrets",
  "content_creation_hashtag": "#content_creation",
  "testimonial_1_name": "Ahmed Mohammed",
  "testimonial_1_role": "Entrepreneur",
  "testimonial_1_company": "Advanced Technology Company",
  "testimonial_1_comment": "Magic Carnation turned my idea into viral content that achieved more than 5 million views. A very professional and creative team!",
  "testimonial_2_name": "Fatima Al-Zahra",
  "testimonial_2_role": "Marketing Director",
  "testimonial_2_company": "E-commerce Group",
  "testimonial_2_comment": "The best content agency I've worked with. The results speak for themselves - 300% increase in sales within 3 months!",
  "testimonial_3_name": "Mohammed Ali",
  "testimonial_3_role": "App Founder",
  "testimonial_3_company": "Fitness App",
  "testimonial_3_comment": "The content they produced for us helped attract more than 100,000 new users. High quality and unlimited creativity!",
  "satisfied_clients": "Satisfied Clients",
  "client_testimonials": "Client Testimonials",
  "direction": "en",
  "choose_job_type": "Choose Job Type",
  "photographer": "Photographer",
  "programmer": "Programmer",
  "live_moderator_job": "Live Moderator",
  "other_job": "Other Job",
  "specify_other_job": "Specify Other Job",
  "enter_job_name": "Enter job name",
  "about_magic_carnation": "About Us",
  "magic_intro_p1": "We are Magic Carnation, an official TikTok partner agency, founded in 2023 in Tangier – Morocco, with a clear vision to create tomorrow's stars.",
  "magic_intro_p2": "We believe that talent alone is not enough, it needs guidance, support, and a smart strategy to transform content creators into influential brands in the digital platforms world.",
  "magic_intro_p3": "Our specialized team works to discover and nurture promising talents, providing them with all the necessary tools to achieve success and growth on TikTok professionally and sustainably.",
  "official_partner": "Official Partner",
  "official_partner_desc": "TikTok Certified Agency",
  "based_tangier": "Based in Tangier",
  "based_tangier_desc": "Founded in 2023 in Morocco",
  "creating_stars": "Creating Stars",
  "creating_stars_desc": "We create the stars of the future",
  "what_we_do": "What We Do",
  "what_we_do_intro": "At Magic Carnation, we work to empower content creators to reach their full potential through:",
  "talent_management": "Talent Management",
  "talent_management_desc": "Discovering creators and developing their skills in streaming, content, and engagement.",
  "support_guidance": "Support & Guidance",
  "support_guidance_desc": "Providing professional consultations and training on TikTok algorithms and best growth methods.",
  "brand_collaboration": "Brand Collaboration",
  "brand_collaboration_desc": "Connecting influencers with partnership and sponsorship opportunities.",
  "performance_development": "Performance Analysis & Continuous Development",
  "performance_development_desc": "Monitoring account performance to ensure continuous and sustainable growth.",
  "our_goal": "We aim to build a community of creators who combine creativity, passion, and professionalism, to be part of the future of digital content creation in the Arab world.",
  "hero_desc_short": "Official TikTok Partners. Founded in 2023 in Tangier – Morocco. We discover talents and transform them into stars. Full support for creative content creators. Professional team and strong partnerships. Our goal: Leadership in content production in the Middle East and North Africa.",
  "back_to_home": "Back to Home",
  "join_our_agency_title": "Other Jobs",
  "be_part_successful_creators": "Be part of the most successful creator network",
  "discover_exclusive_benefits": "Discover the exclusive benefits we offer to our agency members",
  "rapid_growth_title": "Rapid Growth",
  "rapid_growth_desc": "Proven strategies to increase followers and views as quickly as possible",
  "professional_support_title": "Professional Support",
  "professional_support_desc": "Specialized team to help you in every step of your creative journey",
  "exclusive_content_title": "Exclusive Content",
  "exclusive_content_desc": "Exclusive ideas and trends before everyone else to ensure your content success",
  "professional_production_title": "Professional Production",
  "professional_production_desc": "Support in content production and editing with the latest technologies",
  "joining_requirements_title": "Joining Requirements",
  "learn_basic_requirements": "Learn about the basic requirements to join our agency",
  "minimum_requirements_title": "Minimum Requirements",
  "professional_tiktok_agency": "Professional TikTok Agency",
  "leading_tiktok_agency_region": "Leading TikTok Agency in the Region",
  "be_part_leading_tiktok_agency": "Be part of the leading TikTok agency in the region",
  "leading_agency_creative_content": "Leading TikTok agency in creative content production",
  "leading_agency_making_stars": "Leading TikTok agency in making stars",
  "join_magic_carnation": "Join Magic Carnation",
  "discover_potential_create_viral": "Discover your potential and create content that achieves millions of views",
  "agency_join_application_form": "Other Jobs",
  "official_tiktok_partners": "Official TikTok Partners",
  "founded_2023_tangier": "Founded in 2023 in Tangier",
  "discover_talents_make_stars": "We discover talents and transform them into stars",
  "full_support_creators": "Full support for creative content creators",
  "professional_team_strong_partnerships": "Professional team and strong partnerships",
  "goal_leadership_mena": "Our goal: Leadership in content production in the Middle East and North Africa",
  "show_more": "More",
  "show_less": "Show Less",
  "karim": "Karim",
  "alaa": "Alaa",
  "maysaa": "Maysaa",
  "live": "Live",
  "offline": "Offline",
  "our_live_broadcasters": "Our Live Broadcasters",
  "magic_carnation_profile": "Magic Carnation Profile",
  "magic_carnations": "Magic Carnations",
  "magic_carnations_slogan": "Magic Carnations — A magical touch for all your details",
  "magic_carnations_details": "Magic Carnations — The magic of details",
  "about_us": "About Us",
  "our_work": "Our Work",
  "jobs": "Jobs",
  "legal": "Legal",
  "privacy_policy": "Privacy Policy",
  "terms_and_conditions": "Terms and Conditions",
  "rabat_morocco": "Rabat, Morocco",
  "choose_your_path": "Choose Your Path",
  "start_journey_magic_carnation": "Start your journey with Magic Carnation",
  "join_agency_regular": "Join Agency (Regular)",
  "join_agency_online": "Join Agency (Online)",
  "choose_path_suits_you": "Choose the path that suits you",
  "start_journey_with_us": "Start your journey with us",
  "join_online_now": "Join Online Now",
  "happy_follower": "Happy Follower",
  "join_campaign": "Join Campaign",
  "trusted_partnership": "Trusted Partnership",
  "join_tiktok_creator_network": "Join TikTok Creator Network",
  "tiktok_join_description": "You can also join directly through the official TikTok link to get daily support and professional training",
  "thank_you_interest_magic_carnation": "Thank you for your interest in joining Magic Carnation. We will contact you soon.",
  "has_tiktok": "Do you have a TikTok account?",
  "choose_option": "Choose an option",
  "tiktok_account": "TikTok Account",
  "enter_tiktok_account": "Enter your TikTok account name",
  "content_type_interest": "Type of content that interests you",
  "your_goals": "Your Goals",
  "beauty": "Beauty",
  "gaming": "Gaming",
  "education": "Education",
  "dance": "Dance",
  "music": "Music",
  "cooking": "Cooking",
  "city": "City",
  "immediately": "Immediately",
  "within_week": "Within a week",
  "within_2weeks": "Within 2 weeks",
  "within_month": "Within a month",
  "elementary": "Elementary",
  "middle": "Middle School",
  "high": "High School",
  "bachelor": "Bachelor's",
  "master": "Master's",
  "phd": "PhD",
  "casablanca": "Casablanca",
  "rabat": "Rabat",
  "fes": "Fes",
  "marrakech": "Marrakech",
  "tangier": "Tangier",
  "agadir": "Agadir",
  "meknes": "Meknes",
  "oujda": "Oujda",
  "kenitra": "Kenitra",
  "tetouan": "Tetouan",
  "safi": "Safi",
  "mohammedia": "Mohammedia",
  "el_jadida": "El Jadida",
  "nador": "Nador",
  "settat": "Settat",
  "khouribga": "Khouribga",
  "beni_mellal": "Beni Mellal",
  "taza": "Taza",
  "laayoune": "Laayoune",
  "dakhla": "Dakhla",
  "choose_city": "Choose City",
  "select_education_level": "Select Education Level",
  "select_availability": "Select Availability",
  "pdf_doc_docx": "PDF, DOC, DOCX",
  "max_5mb": "Max 5MB",
  "file_selected": "File Selected",
  "new_job_application": "New Job Application",
  "name": "Name",
  "whatsapp_greeting": "Hello, I would like to apply for a job with you",
  "thank_you": "Thank You",
  "send_date": "Send Date",
  "cv_from": "CV from",
  "experience_education": "Experience and Education",
  "job_applying_for": "Job Applying For",
  "live_broadcaster": "Live Broadcaster",
  "choose_job_type": "Choose Job Type",
  "photographer": "Photographer",
  "programmer": "Programmer",
  "live_moderator_job": "Live Moderator",
  "other_job": "Other Job",
  "specify_other_job": "Specify Other Job",
  "enter_job_name": "Enter job name",
  "about_magic_carnation": "About Us",
  "magic_intro_p1": "We are Magic Carnation, an official TikTok partner agency, founded in 2023 in Tangier – Morocco, with a clear vision to create tomorrow's stars.",
  "magic_intro_p2": "We believe that talent alone is not enough, it needs guidance, support, and a smart strategy to transform content creators into influential brands in the digital platforms world.",
  "magic_intro_p3": "Our specialized team works to discover and nurture promising talents, providing them with all the necessary tools to achieve success and growth on TikTok professionally and sustainably.",
  "official_partner": "Official Partner",
  "official_partner_desc": "TikTok Certified Agency",
  "based_tangier": "Based in Tangier",
  "based_tangier_desc": "Founded in 2023 in Morocco",
  "creating_stars": "Creating Stars",
  "creating_stars_desc": "We create the stars of the future",
  "what_we_do": "What We Do",
  "what_we_do_intro": "At Magic Carnation, we work to empower content creators to reach their full potential through:",
  "talent_management": "Talent Management",
  "talent_management_desc": "Discovering creators and developing their skills in streaming, content, and engagement.",
  "support_guidance": "Support & Guidance",
  "support_guidance_desc": "Providing professional consultations and training on TikTok algorithms and best growth methods.",
  "brand_collaboration": "Brand Collaboration",
  "brand_collaboration_desc": "Connecting influencers with partnership and sponsorship opportunities.",
  "performance_development": "Performance Analysis & Continuous Development",
  "performance_development_desc": "Monitoring account performance to ensure continuous and sustainable growth.",
  "arabic": "Arabic",
  "english": "English",
  "fahd": "Fahd",
  "creative_director": "Creative Director",
  "creative_strategy": "Creative Strategy",
  "amine": "Amin",
  "video_production": "Video Production",
  "ziad": "Ziad",
  "photographer_programmer": "Photographer & Programmer",
  "photography_web_development": "Photography & Web Development",
  "advertising_campaigns": "Advertising Campaigns",
  "produced_video": "Produced Video",
  "happy_follower": "Happy Follower",
  "join_campaign": "Join Campaign",
  "trusted_partnership": "Trusted Partnership",
  "additional_info_1": "We believe that every talent deserves a chance to shine, so we work to discover talents and transform them into stars through full support and professional guidance",
  "additional_info_2": "Our vision is to be the leading agency in entertainment and content production in the Middle East and North Africa, to continue transforming passion into achievements that touch millions",
  
  "join_now_via_tiktok": "Join Now via TikTok",
  "step_of": "Step",
  "of": "of",
  "personal_information": "Personal Information",
  "full_name": "Full Name",
  "enter_full_name": "Enter your full name",
  "phone_number": "Phone Number",
  "age": "Age",
  "gender": "Gender",
  "male": "Male",
  "female": "Female",
  "country": "Country",
  "choose_country": "Choose Country",
  "arab_countries": "Arab Countries",
  "spanish_countries": "Spanish Countries",
  "italian_countries": "Italian Countries",
  "city": "City",
  "tiktok_content_info": "TikTok & Content Information",
  "do_you_have_tiktok": "Do you have a TikTok account?",
  "yes": "Yes",
  "no": "No",
  "tiktok_account": "TikTok Account",
  "content_type_produce": "Type of content you produce",
  "choose_content_type": "Choose content type",
  "comedy": "Comedy",
  "lifestyle": "Lifestyle",
  "beauty_fashion": "Beauty & Fashion",
  "food": "Food",
  "educational": "Educational",
  "sports": "Sports",
  "music_dance": "Music & Dance",
  "technology": "Technology",
  "other": "Other",
  "goals_joining_agency": "Your goals from joining the agency",
  "tell_us_goals": "Tell us about your goals and ambitions in this field...",
  "content_creation_experience": "Your experience in content creation",
  "beginner": "Beginner",
  "intermediate": "Intermediate",
  "expert": "Expert",
  "showcase_previous_work": "Showcase Your Previous Work",
  "previous_work": "Previous Work",
  "social_media_accounts": "Social Media Accounts",
  "social_media_placeholder": "Instagram: @username\nYouTube: @channel\nTwitter: @handle",
  "work_availability": "Work Availability",
  "full_time": "Full Time",
  "motivation_final_review": "Motivation & Final Review",
  "why_join_magic_carnation": "Why do you want to join Magic Carnation?",
  "tell_us_motivation": "Tell us about your motivation for joining our agency and what you expect from this partnership...",
  "request_summary": "Request Summary",
  "name": "Name",
  "phone": "Phone",
  "age_label": "Age",
  "country_label": "Country",
  "content_type": "Content Type",
  "experience": "Experience",
  "availability": "Availability",
  "not_specified": "Not specified",
  "previous": "Previous",
  "next": "Next",
  "submit_request": "Submit Request",
  "request_sent_successfully": "Your request has been sent successfully!",
  "contact_via_whatsapp": "Contact via WhatsApp",
  "back_to_home": "Back to Home",
  
  "morocco": "Morocco",
  "algeria": "Algeria",
  "tunisia": "Tunisia",
  "libya": "Libya",
  "egypt": "Egypt",
  "sudan": "Sudan",
  "syria": "Syria",
  "lebanon": "Lebanon",
  "jordan": "Jordan",
  "palestine": "Palestine",
  "iraq": "Iraq",
  "kuwait": "Kuwait",
  "saudi_arabia": "Saudi Arabia",
  "uae": "UAE",
  "qatar": "Qatar",
  "bahrain": "Bahrain",
  "oman": "Oman",
  "yemen": "Yemen",
  "mauritania": "Mauritania",
  "djibouti": "Djibouti",
  "somalia": "Somalia",
  "comoros": "Comoros",
  "spain": "Spain",
  "mexico": "Mexico",
  "argentina": "Argentina",
  "colombia": "Colombia",
  "peru": "Peru",
  "venezuela": "Venezuela",
  "chile": "Chile",
  "ecuador": "Ecuador",
  "guatemala": "Guatemala",
  "cuba": "Cuba",
  "bolivia": "Bolivia",
  "dominican_republic": "Dominican Republic",
  "honduras": "Honduras",
  "paraguay": "Paraguay",
  "el_salvador": "El Salvador",
  "nicaragua": "Nicaragua",
  "costa_rica": "Costa Rica",
  "panama": "Panama",
  "uruguay": "Uruguay",
  "italy": "Italy",
  "san_marino": "San Marino",
  "vatican": "Vatican",
  "join_with_us": "Join With Us",
  "tiktok": "TikTok",
  "instagram": "Instagram"
} 